Machine,logSum,NetworkID,Rep,Nodes,Edges,OPT,Accurate,Time
DESKTOP-S7OVCUR,1,9,0,52,146,14407.514288643972,14407.51256779983,44.355000019073486
