Machine,NetworkID,Rep,Nodes,Edges,OPT,Accurate,Time
DESKTOP-S7OVCUR,0,0,333,2519,91202.5865001982,91202.58650019823,30.406999826431274
DESKTOP-S7OVCUR,0,1,333,2519,90919.10033817631,90919.10033817617,23.483999967575073
DESKTOP-S7OVCUR,0,2,333,2519,90439.07517318925,90439.07432088623,21.16600012779236
DESKTOP-S7OVCUR,0,3,333,2519,89792.39703168269,89792.39703168259,19.118000030517578
DESKTOP-S7OVCUR,0,4,333,2519,90908.07022569852,90908.07022569854,20.585000038146973
